ENSID	Gene
ENSG00000142599	RERE
ENSG00000232912	RERE-AS1
ENSG00000146463	ZMYM4
ENSG00000223944	RP5-1180C18.1
ENSG00000117016	RIMS3
ENSG00000162374	ELAVL4
ENSG00000078618	NRDC
ENSG00000162599	NFIA
ENSG00000184588	PDE4B
ENSG00000227207	RPL31P12
ENSG00000233008	LINC01725
ENSG00000237505	PKN2-AS1
ENSG00000234741	GAS5
ENSG00000143207	COP1
ENSG00000227579	RP1-35C21.2
ENSG00000198216	CACNA1E
ENSG00000134369	NAV1
ENSG00000231871	IPO9-AS1
ENSG00000230461	PROX1-AS1
ENSG00000042781	USH2A
ENSG00000196482	ESRRG
ENSG00000143801	PSEN2
ENSG00000054277	OPN3
ENSG00000185420	SMYD3
ENSG00000285622	
ENSG00000260077	RP11-254F7.2
ENSG00000151779	NBAS
ENSG00000233005	AC067959.1
ENSG00000228999	AC068490.1
ENSG00000171103	TRMT61B
ENSG00000228262	LINC01320
ENSG00000179915	NRXN1
ENSG00000271615	ACTG1P22
ENSG00000115392	FANCL
ENSG00000155052	CNTNAP5
ENSG00000144229	THSD7B
ENSG00000168702	LRP1B
ENSG00000075884	ARHGAP15
ENSG00000228655	AC096558.1
ENSG00000226674	TEX41
ENSG00000144278	GALNT13
ENSG00000136560	TANK
ENSG00000237844	AC092684.1
ENSG00000115840	SLC25A12
ENSG00000091428	RAPGEF4
ENSG00000138433	CIR1
ENSG00000170396	ZNF804A
ENSG00000178568	ERBB4
ENSG00000197585	AC107218.3
ENSG00000144460	NYAP2
ENSG00000273301	RP11-314B1.2
ENSG00000204120	GIGYF2
ENSG00000130294	KIF1A
ENSG00000144619	CNTN4
ENSG00000227110	LMCD1-AS1
ENSG00000154822	PLCL2
ENSG00000228956	SATB1-AS1
ENSG00000160746	ANO10
ENSG00000185219	ZNF445
ENSG00000233276	GPX1
ENSG00000157445	CACNA2D3
ENSG00000144724	PTPRG
ENSG00000151276	MAGI1
ENSG00000240405	SAMMSON
ENSG00000114861	FOXP1
ENSG00000185008	ROBO2
ENSG00000181722	ZBTB20
ENSG00000185565	LSAMP
ENSG00000174891	RSRC1
ENSG00000197584	KCNMB2
ENSG00000236297	EEF1A1P23
ENSG00000198836	OPA1
ENSG00000285708	
ENSG00000275163	
ENSG00000197386	HTT
ENSG00000169744	LDB2
ENSG00000185774	KCNIP4
ENSG00000163288	GABRB1
ENSG00000170448	NFXL1
ENSG00000249307	LINC01088
ENSG00000156269	NAA11
ENSG00000248510	LINC02267
ENSG00000164035	EMCN
ENSG00000164100	NDST3
ENSG00000138688	BLTP1
ENSG00000196782	MAML3
ENSG00000145416	MARCHF1
ENSG00000150625	GPM6A
ENSG00000218336	TENM3
ENSG00000287383	
ENSG00000248118	LINC01019
ENSG00000145526	CDH18
ENSG00000113100	CDH9
ENSG00000185305	ARL15
ENSG00000085365	SCAMP1
ENSG00000245864	MEF2C-AS2
ENSG00000250377	CTC-467M3.3
ENSG00000081189	MEF2C
ENSG00000113391	FAM172A
ENSG00000251574	RP11-6N13.1
ENSG00000249797	LINC02147
ENSG00000250891	LINC02208
ENSG00000260192	LINC02240
ENSG00000248752	RP11-114J13.1
ENSG00000145882	PCYOX1L
ENSG00000249484	LINC01470
ENSG00000170624	SGCD
ENSG00000241956	LINC03000
ENSG00000145934	TENM2
ENSG00000181163	NPM1
ENSG00000137265	IRF4
ENSG00000145982	FARS2
ENSG00000228412	LNC-LBCS
ENSG00000204092	LINC00951
ENSG00000188107	EYS
ENSG00000187772	LIN28B
ENSG00000047932	GOPC
ENSG00000188580	NKAIN2
ENSG00000164483	SAMD3
ENSG00000203727	SAMD5
ENSG00000120265	PCMT1
ENSG00000091831	ESR1
ENSG00000049618	ARID1B
ENSG00000185345	PRKN
ENSG00000112530	PACRG
ENSG00000285424	
ENSG00000002822	MAD1L1
ENSG00000176349	AC110781.3
ENSG00000174945	AMZ1
ENSG00000146555	SDK1
ENSG00000136240	KDELR2
ENSG00000122584	NXPH1
ENSG00000106460	TMEM106B
ENSG00000006468	ETV1
ENSG00000136267	DGKB
ENSG00000106537	TSPAN13
ENSG00000105866	SP4
ENSG00000105877	DNAH11
ENSG00000105778	AVL9
ENSG00000179869	ABCA13
ENSG00000158321	AUTS2
ENSG00000183166	CALN1
ENSG00000006704	GTF2IRD1
ENSG00000187391	MAGI2
ENSG00000186472	PCLO
ENSG00000237513	RP11-325F22.2
ENSG00000177683	THAP5
ENSG00000128590	DNAJB9
ENSG00000128512	DOCK4
ENSG00000128573	FOXP2
ENSG00000077063	CTTNBP2
ENSG00000081803	CADPS2
ENSG00000179603	GRM8
ENSG00000106554	CHCHD3
ENSG00000155530	LRGUK
ENSG00000080802	CNOT4
ENSG00000133606	MKRN1
ENSG00000155093	PTPRN2
ENSG00000286192	
ENSG00000183117	CSMD1
ENSG00000185053	SGCZ
ENSG00000120910	PPP3CC
ENSG00000253554	LINC01414
ENSG00000172817	CYP7B1
ENSG00000091656	ZFHX4
ENSG00000253901	RP11-122C21.1
ENSG00000229140	CCDC26
ENSG00000227835	CARM1P1
ENSG00000153707	PTPRD
ENSG00000270547	LINC01235
ENSG00000226197	RP11-536O18.1
ENSG00000237153	RP11-132E11.2
ENSG00000107105	ELAVL2
ENSG00000174482	LINGO2
ENSG00000196092	PAX5
ENSG00000123975	CKS2
ENSG00000237385	RP11-165J3.5
ENSG00000185920	PTCH1
ENSG00000234323	LINC01505
ENSG00000148219	ASTN2
ENSG00000011454	RABGAP1
ENSG00000107130	NCS1
ENSG00000169925	BRD3
ENSG00000187609	EXD3
ENSG00000285082	
ENSG00000134452	FBH1
ENSG00000198879	SFMBT2
ENSG00000183049	CAMK1D
ENSG00000165995	CACNB2
ENSG00000183230	CTNNA3
ENSG00000196968	FUT11
ENSG00000148655	LRMDA
ENSG00000108175	ZMIZ1
ENSG00000107882	SUFU
ENSG00000148842	CNNM2
ENSG00000156395	SORCS3
ENSG00000182272	B4GALNT4
ENSG00000254695	RP11-396O20.1
ENSG00000110693	SOX6
ENSG00000187398	LUZP2
ENSG00000254530	LINC02755
ENSG00000156599	ZDHHC5
ENSG00000149485	FADS1
ENSG00000162105	SHANK2
ENSG00000150672	DLG2
ENSG00000168959	GRM5
ENSG00000149972	CNTN5
ENSG00000149571	KIRREL3
ENSG00000255087	RP11-168K9.2
ENSG00000231698	AP002856.5
ENSG00000182667	NTM
ENSG00000183715	OPCML
ENSG00000255545	B3GAT1-DT
ENSG00000281880	PAUPAR
ENSG00000285283	
ENSG00000151067	CACNA1C
ENSG00000139083	ETV6
ENSG00000008394	MGST1
ENSG00000048540	LMO3
ENSG00000111728	ST8SIA1
ENSG00000134532	SOX5
ENSG00000139117	CPNE8
ENSG00000188906	LRRK2
ENSG00000258137	GPR84-AS1
ENSG00000258086	GPR84-AS1
ENSG00000258921	RP11-644F5.16
ENSG00000123297	TSFM
ENSG00000067798	NAV3
ENSG00000257703	RP11-328J6.1
ENSG00000151148	UBE3B
ENSG00000111275	ALDH2
ENSG00000089250	NOS1
ENSG00000157837	SPPL3
ENSG00000051825	MPHOSPH9
ENSG00000132932	ATP8A2
ENSG00000120697	ALG5
ENSG00000102780	DGKH
ENSG00000184226	PCDH9
ENSG00000234377	OBI1-AS1
ENSG00000102471	NDFIP2
ENSG00000179399	GPC5
ENSG00000183098	GPC6
ENSG00000102572	STK24
ENSG00000287722	
ENSG00000151322	NPAS3
ENSG00000258636	LRFN5-DT
ENSG00000258394	CTD-2307P3.1
ENSG00000139990	DCAF5
ENSG00000119689	DLST
ENSG00000259097	RP11-61O1.1
ENSG00000126214	KLC1
ENSG00000256500	RP11-73M18.2
ENSG00000269940	RP11-73M18.7
ENSG00000137872	SEMA6D
ENSG00000259221	CTD-2050N2.1
ENSG00000157890	MEGF11
ENSG00000261801	LOXL1-AS1
ENSG00000169783	LINGO1
ENSG00000140538	NTRK3
ENSG00000140564	FURIN
ENSG00000214432	VPS33B-DT
ENSG00000273540	AGBL1
ENSG00000078328	RBFOX1
ENSG00000048471	SNX29
ENSG00000237515	SHISA9
ENSG00000261130	RP11-1021N1.1
ENSG00000166780	BMERB1
ENSG00000197006	METTL9
ENSG00000261596	CTB-31N19.3
ENSG00000102935	ZNF423
ENSG00000140718	FTO
ENSG00000087258	GNAO1
ENSG00000118557	PMFBP1
ENSG00000140836	ZFHX3
ENSG00000140945	CDH13
ENSG00000103257	SLC7A5
ENSG00000285367	
ENSG00000280344	
ENSG00000127804	METTL16
ENSG00000188803	SHISA6
ENSG00000132589	FLOT2
ENSG00000108684	ASIC2
ENSG00000126351	THRA
ENSG00000233101	HOXB-AS3
ENSG00000171634	BPTF
ENSG00000166960	CCDC178
ENSG00000152217	SETBP1
ENSG00000187323	DCC
ENSG00000041353	RAB27B
ENSG00000196628	TCF4
ENSG00000141664	ZCCHC2
ENSG00000267780	RP11-154H12.3
ENSG00000267662	TSHZ3-AS1
ENSG00000174306	ZHX3
ENSG00000101017	CD40
ENSG00000149654	CDH22
ENSG00000101040	ZMYND8
ENSG00000124207	CSE1L
ENSG00000234948	LINC01524
ENSG00000228340	MIR646HG
ENSG00000101204	CHRNA4
ENSG00000196132	MYT1
ENSG00000159231	CBR3
ENSG00000100218	RSPH14
ENSG00000184792	OSBP2
ENSG00000197182	MIRLET7BHG
ENSG00000185386	MAPK11
ENSG00000287225	
