gene_symbol	gene_id	reference_sign	direction_interpretation	n_source_associations	max_source_coloc_pp_h4	n_source_associations_pp4_gt_0_8	any_coloc_pp4_gt_0_8	source_s1_rows	source_url
ABHD16A	ENSG00000204427	-1	Higher expression / lower SLE odds	1	4.31210688233677e-40	0	0	63	https://doi.org/10.1093/rheumatology/keaf606
AIF1	ENSG00000204472	-1	Higher expression / lower SLE odds	2	5.98548900924712e-10	0	0	36;56	https://doi.org/10.1093/rheumatology/keaf606
B3GALT4	ENSG00000235863	1	Higher expression / higher SLE odds	1	6.24092518972616e-11	0	0	42	https://doi.org/10.1093/rheumatology/keaf606
BLK	ENSG00000136573	-1	Higher expression / lower SLE odds	3	0.954445482910785	3	1	3;6;8	https://doi.org/10.1093/rheumatology/keaf606
BTN2A1	ENSG00000112763	1	Higher expression / higher SLE odds	1	5.69348906011896e-08	0	0	32	https://doi.org/10.1093/rheumatology/keaf606
C2	ENSG00000166278	1	Higher expression / higher SLE odds	1	1.51255921790656e-06	0	0	28	https://doi.org/10.1093/rheumatology/keaf606
DHX16	ENSG00000204560	-1	Higher expression / lower SLE odds	1	1.72485127227248e-05	0	0	24	https://doi.org/10.1093/rheumatology/keaf606
EGFL8	ENSG00000241404	1	Higher expression / higher SLE odds	1	0.00100533167000461	0	0	15	https://doi.org/10.1093/rheumatology/keaf606
HCG14	ENSG00000224157	1	Higher expression / higher SLE odds	1	0.273287769423381	0	0	11	https://doi.org/10.1093/rheumatology/keaf606
HIST1H2AI	ENSG00000196747	1	Higher expression / higher SLE odds	1	3.72169893811068e-05	0	0	21	https://doi.org/10.1093/rheumatology/keaf606
HIST1H2BO	ENSG00000196331	-1	Higher expression / lower SLE odds	1	2.20555470039142e-13	0	0	45	https://doi.org/10.1093/rheumatology/keaf606
HIST1H4E	ENSG00000198518	-1	Higher expression / lower SLE odds	1	3.61583600389846e-07	0	0	30	https://doi.org/10.1093/rheumatology/keaf606
HLA-DOB	ENSG00000241106	1	Higher expression / higher SLE odds	1	9.9901400392047e-12	0	0	43	https://doi.org/10.1093/rheumatology/keaf606
HLA-DQA1	ENSG00000196735	-1	Higher expression / lower SLE odds	2	1.99197019736955e-06	0	0	27;49	https://doi.org/10.1093/rheumatology/keaf606
HLA-DQB1	ENSG00000179344	-1	Higher expression / lower SLE odds	2	2.28587137807097e-06	0	0	25;61	https://doi.org/10.1093/rheumatology/keaf606
HLA-DQB2	ENSG00000232629	1	Higher expression / higher SLE odds	2	0.132397626746385	0	0	12;37	https://doi.org/10.1093/rheumatology/keaf606
HLA-DRB1	ENSG00000196126	1	Higher expression / higher SLE odds	1	2.99025327452135e-38	0	0	60	https://doi.org/10.1093/rheumatology/keaf606
HLA-DRB5	ENSG00000198502	-1	Higher expression / lower SLE odds	2	1.02608539434882e-35	0	0	58;59	https://doi.org/10.1093/rheumatology/keaf606
HLA-E	ENSG00000204592	1	Higher expression / higher SLE odds	1	0.000205094256621867	0	0	17	https://doi.org/10.1093/rheumatology/keaf606
HLA-F	ENSG00000204642	-1	Higher expression / lower SLE odds	1	5.7287456250782e-15	0	0	50	https://doi.org/10.1093/rheumatology/keaf606
LINC00336	ENSG00000197251	-1	Higher expression / lower SLE odds	1	5.09152233131256e-07	0	0	29	https://doi.org/10.1093/rheumatology/keaf606
MDC1	ENSG00000137337	1	Higher expression / higher SLE odds	1	1.05150352675656e-10	0	0	41	https://doi.org/10.1093/rheumatology/keaf606
MICB	ENSG00000204516	-1	Higher expression / lower SLE odds	1	0.000159211790100808	0	0	18	https://doi.org/10.1093/rheumatology/keaf606
MSH5	ENSG00000204410	1	Higher expression / higher SLE odds	1	0.000115507087144688	0	0	19	https://doi.org/10.1093/rheumatology/keaf606
PRRT1	ENSG00000204314	1	Higher expression / higher SLE odds	1	0.0328081386059814	0	0	14	https://doi.org/10.1093/rheumatology/keaf606
PRSS16	ENSG00000112812	-1	Higher expression / lower SLE odds	1	0.0437932816011556	0	0	13	https://doi.org/10.1093/rheumatology/keaf606
PSMB9	ENSG00000240065	1	Higher expression / higher SLE odds	4	0.00043701787941376	0	0	16;22;23;34	https://doi.org/10.1093/rheumatology/keaf606
RNF145	ENSG00000145860	1	Higher expression / higher SLE odds	2	0.942375346380524	2	1	4;7	https://doi.org/10.1093/rheumatology/keaf606
SKIV2L	ENSG00000204351	-1	Higher expression / lower SLE odds	1	7.43729010049767e-05	0	0	20	https://doi.org/10.1093/rheumatology/keaf606
TRIM39	ENSG00000204599	-1	Higher expression / lower SLE odds	1	2.00783261776468e-10	0	0	39	https://doi.org/10.1093/rheumatology/keaf606
VRK3	ENSG00000105053	1	Higher expression / higher SLE odds	1	0.87578685358402	1	1	10	https://doi.org/10.1093/rheumatology/keaf606
ZBTB22	ENSG00000236104	-1	Higher expression / lower SLE odds	1	3.64871673195049e-12	0	0	44	https://doi.org/10.1093/rheumatology/keaf606
ZFP57	ENSG00000204644	1	Higher expression / higher SLE odds	1	6.50765348844913e-14	0	0	46	https://doi.org/10.1093/rheumatology/keaf606
ZNRD1-AS1	ENSG00000204623	-1	Higher expression / lower SLE odds	1	2.0274513369467e-06	0	0	26	https://doi.org/10.1093/rheumatology/keaf606
