locus	location	chrom	gene	aliases	biotype	sources	ensid	ld_block_index	ld_block
5	1p31.3	1	IL12RB2		protein_coding	candidate;closest	ENSG00000081985	41	chr1:66939404-68477895
7	1p13.2	1	AP4B1		protein_coding	candidate	ENSG00000134262	69	chr1:113273306-114873845
7	1p13.2	1	BCL2L15		protein_coding	candidate	ENSG00000188761	69	chr1:113273306-114873845
7	1p13.2	1	HIPK1		protein_coding	candidate	ENSG00000163349	69	chr1:113273306-114873845
7	1p13.2	1	PHTF1		protein_coding	candidate	ENSG00000116793	69	chr1:113273306-114873845
7	1p13.2	1	PTPN22		protein_coding	candidate;closest	ENSG00000134242	69	chr1:113273306-114873845
7	1p13.2	1	RSBN1		protein_coding	closest	ENSG00000081019	69	chr1:113273306-114873845
12	1q23.3	1	FCGR2A		protein_coding	candidate;closest	ENSG00000143226	80	chr1:159913048-162346721
12	1q23.3	1	FCGR2B		protein_coding	candidate	ENSG00000072694	80	chr1:159913048-162346721
12	1q23.3	1	FCGR3B		protein_coding	candidate	ENSG00000162747	80	chr1:159913048-162346721
15	1q23.3	1	FCGR3B		protein_coding	closest	ENSG00000162747		
17	1q25.1	1	TNFSF4		protein_coding	closest	ENSG00000117586	86	chr1:173097907-175089768
18	1q25.1	1	PRDX6-AS1		lncRNA	closest	ENSG00000203739	86	chr1:173097907-175089768
18	1q25.1	1	TNFSF4		protein_coding	candidate;closest	ENSG00000117586	86	chr1:173097907-175089768
20	1q25.1	1	PRDX6		protein_coding	candidate	ENSG00000117592	86	chr1:173097907-175089768
20	1q25.1	1	PRDX6-AS1		lncRNA	closest	ENSG00000203739	86	chr1:173097907-175089768
20	1q25.1	1	TNFSF4	OX40L	protein_coding	candidate	ENSG00000117586	86	chr1:173097907-175089768
22	1q25.3	1	NCF2		protein_coding	candidate;closest	ENSG00000116701	92	chr1:182755356-184595513
22	1q25.3	1	NMNAT2		protein_coding	closest	ENSG00000157064	92	chr1:182755356-184595513
22	1q25.3	1	SMG7		protein_coding	candidate	ENSG00000116698	92	chr1:182755356-184595513
23	1q25.3	1	NCF2		protein_coding	closest	ENSG00000116701	92	chr1:182755356-184595513
23	1q25.3	1	SMG7		protein_coding	candidate;closest	ENSG00000116698	92	chr1:182755356-184595513
24	1q25.3	1	NCF2		protein_coding	closest	ENSG00000116701	92	chr1:182755356-184595513
27	1q25.3	1	NCF2		protein_coding	closest	ENSG00000116701	92	chr1:182755356-184595513
28	1q25.3	1	EDEM3		protein_coding	closest	ENSG00000116406	93	chr1:184595513-186810023
34	1q32.1	1	IL10		protein_coding	candidate;closest	ENSG00000136634	106	chr1:206073265-208410364
34	1q32.1	1	IL19		protein_coding	closest	ENSG00000142224	106	chr1:206073265-208410364
36	1q42.3	1	LYST		protein_coding	candidate;closest	ENSG00000143669	123	chr1:235819436-237555628
37	1q44	1	SMYD3		protein_coding	closest	ENSG00000185420	131	chr1:245506746-247344518
40	2p23.1	2	LBH		protein_coding	candidate;closest	ENSG00000213626	758	chr2:30463711-31550450
44	2p14	2	LINC02934		lncRNA	closest	ENSG00000204929	781	chr2:64625913-65933444
44	2p14	2	SPRED2		protein_coding	candidate;closest	ENSG00000198369	781	chr2:64625913-65933444
50	2q24.2	2	FAP		protein_coding	closest	ENSG00000078098	836	chr2:161769733-163503551
50	2q24.2	2	GCA		protein_coding	candidate	ENSG00000115271	836	chr2:161769733-163503551
50	2q24.2	2	IFIH1		protein_coding	candidate;closest	ENSG00000115267	836	chr2:161769733-163503551
52	2q24.2	2	IFIH1		protein_coding	closest	ENSG00000115267	836	chr2:161769733-163503551
53	2q32.2	2	MFSD6		protein_coding	candidate	ENSG00000151690	852	chr2:189882065-191973357
53	2q32.2	2	NAB1		protein_coding	candidate	ENSG00000138386	852	chr2:189882065-191973357
53	2q32.2	2	NEMP2	TMEM194B	protein_coding	candidate	ENSG00000189362	852	chr2:189882065-191973357
53	2q32.2	2	NEMP2-DT		lncRNA	closest	ENSG00000233654	852	chr2:189882065-191973357
54	2q32.2	2	STAT1		protein_coding	candidate	ENSG00000115415	852	chr2:189882065-191973357
54	2q32.2	2	STAT4		protein_coding	candidate;closest	ENSG00000138378	852	chr2:189882065-191973357
55	2q32.3	2	ENSG00000288064		lncRNA	closest	ENSG00000288064	852	chr2:189882065-191973357
55	2q32.3	2	STAT4		protein_coding	closest	ENSG00000138378	852	chr2:189882065-191973357
59	2q34	2	ENSG00000273118		lncRNA	closest	ENSG00000273118	864	chr2:212379518-214014282
59	2q34	2	IKZF2		protein_coding	candidate;closest	ENSG00000030419	864	chr2:212379518-214014282
62	3p14.3	3	PXK		protein_coding	closest	ENSG00000168297	1009	chr3:58157519-60272906
63	3p14.3	3	ABHD6		protein_coding	candidate	ENSG00000163686	1009	chr3:58157519-60272906
63	3p14.3	3	KCTD6		protein_coding	closest	ENSG00000168301	1009	chr3:58157519-60272906
63	3p14.3	3	PDHB		protein_coding	closest	ENSG00000168291	1009	chr3:58157519-60272906
63	3p14.3	3	PXK		protein_coding	candidate;closest	ENSG00000168297	1009	chr3:58157519-60272906
65	3q13.33	3	ARHGAP31		protein_coding	candidate	ENSG00000031081	1043	chr3:118530251-120523055
65	3q13.33	3	B4GALT4		protein_coding	candidate	ENSG00000121578	1043	chr3:118530251-120523055
65	3q13.33	3	CD80		protein_coding	candidate	ENSG00000121594	1043	chr3:118530251-120523055
65	3q13.33	3	POGLUT1		protein_coding	candidate	ENSG00000163389	1043	chr3:118530251-120523055
65	3q13.33	3	TIMMDC1		protein_coding	closest	ENSG00000113845	1043	chr3:118530251-120523055
65	3q13.33	3	TMEM39A		protein_coding	closest	ENSG00000176142	1043	chr3:118530251-120523055
66	3q25.33	3	IL12A-AS1		lncRNA	closest	ENSG00000244040	1068	chr3:159477890-161524504
67	3q25.33	3	IL12A		protein_coding	candidate	ENSG00000168811	1068	chr3:159477890-161524504
67	3q25.33	3	IL12A-AS1		lncRNA	closest	ENSG00000244040	1068	chr3:159477890-161524504
69	3q28	3	LPP		protein_coding	candidate;closest	ENSG00000145012	1084	chr3:186890344-188856214
70	4p16.3	4	DGKQ		protein_coding	candidate;closest	ENSG00000145214	1093	chr4:694715-1478711
70	4p16.3	4	GAK		protein_coding	candidate	ENSG00000178950	1093	chr4:694715-1478711
70	4p16.3	4	IDUA		protein_coding	candidate	ENSG00000127415	1093	chr4:694715-1478711
79	4q24	4	BANK1		protein_coding	candidate;closest	ENSG00000153064	1158	chr4:100678360-103221356
86	5q21.1	5	ST8SIA4		protein_coding	candidate;closest	ENSG00000113532	1272	chr5:99260992-101578769
91	5q31.1	5	VDAC1		protein_coding	closest	ENSG00000213585	1293	chr5:132139649-134777401
92	5q31.1	5	CDKN2AIPNL		protein_coding	candidate	ENSG00000237190	1293	chr5:132139649-134777401
92	5q31.1	5	SKP1		protein_coding	candidate	ENSG00000113558	1293	chr5:132139649-134777401
92	5q31.1	5	TCF7		protein_coding	candidate	ENSG00000081059	1293	chr5:132139649-134777401
92	5q31.1	5	UBE2B		protein_coding	candidate	ENSG00000119048	1293	chr5:132139649-134777401
92	5q31.1	5	VDAC1		protein_coding	closest	ENSG00000213585	1293	chr5:132139649-134777401
96	5q33.1	5	TNIP1	ABIN1	protein_coding	candidate;closest	ENSG00000145901	1301	chr5:148662624-150561298
98	5q33.3	5	MIR146A	MIR3142HG	miRNA	candidate	ENSG00000283733	1307	chr5:158825698-159973944
98	5q33.3	5	MIR3142HG		lncRNA	closest	ENSG00000253522	1307	chr5:158825698-159973944
98	5q33.3	5	PTTG1		protein_coding	closest	ENSG00000164611	1307	chr5:158825698-159973944
102	6p22.3	6	ATXN1		protein_coding	closest	ENSG00000124788	1336	chr6:14802924-17386405
104	6p22.3	6	CMAHP		pseudogene	closest	ENSG00000168405	1342	chr6:24852275-25684587
106	6p22.2	6	CARMIL1		protein_coding	closest	ENSG00000079691	1342;1343	chr6:24852275-25684587;chr6:25684587-26791233
106	6p22.2	6	SLC17A3		protein_coding	closest	ENSG00000124564	1342;1343	chr6:24852275-25684587;chr6:25684587-26791233
106	6p22.2	6	SLC17A4		protein_coding	candidate;closest	ENSG00000146039	1342;1343	chr6:24852275-25684587;chr6:25684587-26791233
108	6p22.1	6	TRNA_Met		tRNA	closest		1344	chr6:26791233-28017819
110	6p22.1-6p21.32	6	C2		protein_coding	closest	ENSG00000166278	1346;1347;1348;1349	chr6:28917608-29737971;chr6:29737971-30798168;chr6:30798168-31571218;chr6:31571218-32682664
110	6p22.1-6p21.32	6	CFB		protein_coding	closest	ENSG00000243649	1346;1347;1348;1349	chr6:28917608-29737971;chr6:29737971-30798168;chr6:30798168-31571218;chr6:31571218-32682664
110	6p22.1-6p21.32	6	CSNK2B		protein_coding	closest	ENSG00000204435	1346;1347;1348;1349	chr6:28917608-29737971;chr6:29737971-30798168;chr6:30798168-31571218;chr6:31571218-32682664
110	6p22.1-6p21.32	6	ENSG00000232080		lncRNA	closest	ENSG00000232080	1346;1347;1348;1349	chr6:28917608-29737971;chr6:29737971-30798168;chr6:30798168-31571218;chr6:31571218-32682664
110	6p22.1-6p21.32	6	ENSG00000244255		protein_coding	closest	ENSG00000244255	1346;1347;1348;1349	chr6:28917608-29737971;chr6:29737971-30798168;chr6:30798168-31571218;chr6:31571218-32682664
110	6p22.1-6p21.32	6	ENSG00000263020		protein_coding	closest	ENSG00000263020	1346;1347;1348;1349	chr6:28917608-29737971;chr6:29737971-30798168;chr6:30798168-31571218;chr6:31571218-32682664
110	6p22.1-6p21.32	6	ENSG00000285647		lncRNA	closest	ENSG00000285647	1346;1347;1348;1349	chr6:28917608-29737971;chr6:29737971-30798168;chr6:30798168-31571218;chr6:31571218-32682664
110	6p22.1-6p21.32	6	HCG20		lncRNA	closest	ENSG00000228022	1346;1347;1348;1349	chr6:28917608-29737971;chr6:29737971-30798168;chr6:30798168-31571218;chr6:31571218-32682664
110	6p22.1-6p21.32	6	HLA-DQA1		protein_coding	closest	ENSG00000196735	1346;1347;1348;1349	chr6:28917608-29737971;chr6:29737971-30798168;chr6:30798168-31571218;chr6:31571218-32682664
110	6p22.1-6p21.32	6	HLA-DQB1		protein_coding	closest	ENSG00000179344	1346;1347;1348;1349	chr6:28917608-29737971;chr6:29737971-30798168;chr6:30798168-31571218;chr6:31571218-32682664
110	6p22.1-6p21.32	6	HLA-DRA		protein_coding	closest	ENSG00000204287	1346;1347;1348;1349	chr6:28917608-29737971;chr6:29737971-30798168;chr6:30798168-31571218;chr6:31571218-32682664
110	6p22.1-6p21.32	6	MAS1L		protein_coding	closest	ENSG00000204687	1346;1347;1348;1349	chr6:28917608-29737971;chr6:29737971-30798168;chr6:30798168-31571218;chr6:31571218-32682664
110	6p22.1-6p21.32	6	MICB-DT		lncRNA	closest	ENSG00000286940	1346;1347;1348;1349	chr6:28917608-29737971;chr6:29737971-30798168;chr6:30798168-31571218;chr6:31571218-32682664
110	6p22.1-6p21.32	6	MSH5		protein_coding	closest	ENSG00000204410	1346;1347;1348;1349	chr6:28917608-29737971;chr6:29737971-30798168;chr6:30798168-31571218;chr6:31571218-32682664
110	6p22.1-6p21.32	6	MSH5-SAPCD1		lncRNA	closest	ENSG00000255152	1346;1347;1348;1349	chr6:28917608-29737971;chr6:29737971-30798168;chr6:30798168-31571218;chr6:31571218-32682664
110	6p22.1-6p21.32	6	MUC21		protein_coding	closest	ENSG00000204544	1346;1347;1348;1349	chr6:28917608-29737971;chr6:29737971-30798168;chr6:30798168-31571218;chr6:31571218-32682664
110	6p22.1-6p21.32	6	NCR3		protein_coding	closest	ENSG00000204475	1346;1347;1348;1349	chr6:28917608-29737971;chr6:29737971-30798168;chr6:30798168-31571218;chr6:31571218-32682664
110	6p22.1-6p21.32	6	PSORS1C1		protein_coding	closest	ENSG00000204540	1346;1347;1348;1349	chr6:28917608-29737971;chr6:29737971-30798168;chr6:30798168-31571218;chr6:31571218-32682664
110	6p22.1-6p21.32	6	TNXB		protein_coding	closest	ENSG00000168477	1346;1347;1348;1349	chr6:28917608-29737971;chr6:29737971-30798168;chr6:30798168-31571218;chr6:31571218-32682664
110	6p22.1-6p21.32	6	TRIM39		protein_coding	closest	ENSG00000204599	1346;1347;1348;1349	chr6:28917608-29737971;chr6:29737971-30798168;chr6:30798168-31571218;chr6:31571218-32682664
110	6p22.1-6p21.32	6	TRIM39-RPP21		protein_coding	closest	ENSG00000248167	1346;1347;1348;1349	chr6:28917608-29737971;chr6:29737971-30798168;chr6:30798168-31571218;chr6:31571218-32682664
110	6p22.1-6p21.32	6	TSBP1		protein_coding	closest	ENSG00000204296	1346;1347;1348;1349	chr6:28917608-29737971;chr6:29737971-30798168;chr6:30798168-31571218;chr6:31571218-32682664
110	6p22.1-6p21.32	6	TSBP1-AS1		lncRNA	closest	ENSG00000225914	1346;1347;1348;1349	chr6:28917608-29737971;chr6:29737971-30798168;chr6:30798168-31571218;chr6:31571218-32682664
112	6p21.33	6	HLA-C		protein_coding	closest	ENSG00000204525	1348	chr6:30798168-31571218
112	6p21.33	6	LINC02571		lncRNA	closest	ENSG00000256166	1348	chr6:30798168-31571218
113	6p21.33	6	HLA-B		protein_coding	closest	ENSG00000234745	1348	chr6:30798168-31571218
115	6p21.33	6	HLA-C		protein_coding	candidate	ENSG00000204525	1348	chr6:30798168-31571218
115	6p21.33	6	MICB		protein_coding	closest	ENSG00000204516	1348	chr6:30798168-31571218
117	6p21.33	6	AIF1		protein_coding	closest	ENSG00000204472	1349	chr6:31571218-32682664
120	6p21.33	6	SLC44A4		protein_coding	closest	ENSG00000204385	1349	chr6:31571218-32682664
121	6p21.33-6p21.32	6	HLA-DQA1		protein_coding	closest	ENSG00000196735	1349	chr6:31571218-32682664
121	6p21.33-6p21.32	6	HLA-DRA		protein_coding	closest	ENSG00000204287	1349	chr6:31571218-32682664
121	6p21.33-6p21.32	6	SKIC2	SKIV2L	protein_coding	closest	ENSG00000204351	1349	chr6:31571218-32682664
124	6p21.33	6	TNXB		protein_coding	closest	ENSG00000168477	1349	chr6:31571218-32682664
127	6p21.32	6	NOTCH4		protein_coding	closest	ENSG00000204301	1349	chr6:31571218-32682664
131	6p21.32	6	HLA-DQB1		protein_coding	closest	ENSG00000179344	1349	chr6:31571218-32682664
131	6p21.32	6	HLA-DRA		protein_coding	closest	ENSG00000204287	1349	chr6:31571218-32682664
131	6p21.32	6	LOC102725019		lncRNA	closest		1349	chr6:31571218-32682664
144	6p21.32	6	HLA-DQB2		protein_coding	closest	ENSG00000232629	1350	chr6:32682664-33236497
148	6p21.31	6	BLTP3A	UHRF1BP1	protein_coding	candidate;closest	ENSG00000065060	1351	chr6:33236497-35455756
148	6p21.31	6	ILRUN		protein_coding	closest	ENSG00000196821	1351	chr6:33236497-35455756
148	6p21.31	6	ZNF76		protein_coding	candidate	ENSG00000065029	1351	chr6:33236497-35455756
149	6p21.31	6	BLTP3A	UHRF1BP1	protein_coding	candidate	ENSG00000065060	1351	chr6:33236497-35455756
149	6p21.31	6	SNRPC		protein_coding	closest	ENSG00000124562	1351	chr6:33236497-35455756
149	6p21.31	6	TCP11		protein_coding	closest	ENSG00000124678	1351	chr6:33236497-35455756
150	6p21.31	6	ANKS1A		protein_coding	closest	ENSG00000064999	1351	chr6:33236497-35455756
156	6q21	6	ATG5		protein_coding	closest	ENSG00000057663	1394	chr6:106056733-107450306
156	6q21	6	PRDM1		protein_coding	closest	ENSG00000057657	1394	chr6:106056733-107450306
157	6q21	6	ATG3		protein_coding	candidate	ENSG00000144848	1394	chr6:106056733-107450306
157	6q21	6	ATG5		protein_coding	candidate;closest	ENSG00000057663	1394	chr6:106056733-107450306
157	6q21	6	PRDM1		protein_coding	candidate	ENSG00000057657	1394	chr6:106056733-107450306
158	6q21	6	ATG5		protein_coding	candidate;closest	ENSG00000057663	1394	chr6:106056733-107450306
160	6q23.3	6	LINC03004		lncRNA	closest	ENSG00000230533	1414	chr6:137614218-138822629
160	6q23.3	6	OLIG3		protein_coding	candidate	ENSG00000177468	1414	chr6:137614218-138822629
161	6q23.3	6	ENSG00000287393		lncRNA	closest	ENSG00000287393	1414	chr6:137614218-138822629
161	6q23.3	6	TNFAIP3		protein_coding	candidate;closest	ENSG00000118503	1414	chr6:137614218-138822629
161	6q23.3	6	WAKMAR2	lnc-PERP-2;ENSG00000235842	lncRNA	candidate;closest	ENSG00000237499	1414	chr6:137614218-138822629
163	7p15.1	7	JAZF1		protein_coding	candidate;closest	ENSG00000153814	1458	chr7:25909555-28360309
164	7p12.2	7	ENSG00000231681		lncRNA	closest	ENSG00000231681	1471	chr7:49212278-51675322
165	7p12.2	7	C1QB		protein_coding	candidate	ENSG00000173369	1471	chr7:49212278-51675322
165	7p12.2	7	CLEC10A		protein_coding	candidate	ENSG00000132514	1471	chr7:49212278-51675322
165	7p12.2	7	CLEC4C		protein_coding	candidate	ENSG00000198178	1471	chr7:49212278-51675322
165	7p12.2	7	ENSG00000231681		lncRNA	closest	ENSG00000231681	1471	chr7:49212278-51675322
165	7p12.2	7	HERC5		protein_coding	candidate	ENSG00000138646	1471	chr7:49212278-51675322
165	7p12.2	7	IFI6		protein_coding	candidate	ENSG00000126709	1471	chr7:49212278-51675322
165	7p12.2	7	IFIT1		protein_coding	candidate	ENSG00000185745	1471	chr7:49212278-51675322
165	7p12.2	7	IKZF1		protein_coding	candidate	ENSG00000185811	1471	chr7:49212278-51675322
165	7p12.2	7	MX1		protein_coding	candidate	ENSG00000157601	1471	chr7:49212278-51675322
165	7p12.2	7	TNFRSF21		protein_coding	candidate	ENSG00000146072	1471	chr7:49212278-51675322
168	7q11.23	7	EIF4H		protein_coding	closest	ENSG00000106682	1483	chr7:73334602-76458564
177	7q11.23	7	ENSG00000273069		lncRNA	closest	ENSG00000273069	1483	chr7:73334602-76458564
177	7q11.23	7	GTF2I		protein_coding	candidate	ENSG00000263001	1483	chr7:73334602-76458564
177	7q11.23	7	NCF1		protein_coding	candidate;closest	ENSG00000158517	1483	chr7:73334602-76458564
177	7q11.23	7	VGF		protein_coding	candidate	ENSG00000128564	1483	chr7:73334602-76458564
187	7q32.1	7	IRF5		protein_coding	candidate;closest	ENSG00000128604	1513	chr7:126869221-128778386
188	7q32.1	7	IRF5		protein_coding	candidate;closest	ENSG00000128604	1513	chr7:126869221-128778386
188	7q32.1	7	TNPO3		protein_coding	closest	ENSG00000064419	1513	chr7:126869221-128778386
189	7q32.1	7	IRF5		protein_coding	candidate;closest	ENSG00000128604	1513	chr7:126869221-128778386
189	7q32.1	7	TNPO3		protein_coding	closest	ENSG00000064419	1513	chr7:126869221-128778386
189	7q32.1	7	TPI1P2		pseudogene	closest	ENSG00000230359	1513	chr7:126869221-128778386
191	8p23.1	8	BLK		protein_coding	candidate	ENSG00000136573	1545;1547;1548;1549	chr8:7153079-9154694;chr8:9640787-10463197;chr8:10463197-11278998;chr8:11278998-13491775
191	8p23.1	8	CLDN23		protein_coding	candidate	ENSG00000253958	1545;1547;1548;1549	chr8:7153079-9154694;chr8:9640787-10463197;chr8:10463197-11278998;chr8:11278998-13491775
191	8p23.1	8	ENSG00000270076		lncRNA	closest	ENSG00000270076	1545;1547;1548;1549	chr8:7153079-9154694;chr8:9640787-10463197;chr8:10463197-11278998;chr8:11278998-13491775
191	8p23.1	8	ENSG00000280294		other	closest	ENSG00000280294	1545;1547;1548;1549	chr8:7153079-9154694;chr8:9640787-10463197;chr8:10463197-11278998;chr8:11278998-13491775
191	8p23.1	8	ERI1		protein_coding	candidate	ENSG00000104626	1545;1547;1548;1549	chr8:7153079-9154694;chr8:9640787-10463197;chr8:10463197-11278998;chr8:11278998-13491775
191	8p23.1	8	FAM167A	C8orf13	protein_coding	candidate	ENSG00000154319	1545;1547;1548;1549	chr8:7153079-9154694;chr8:9640787-10463197;chr8:10463197-11278998;chr8:11278998-13491775
191	8p23.1	8	FAM167A-AS1		lncRNA	closest	ENSG00000184608	1545;1547;1548;1549	chr8:7153079-9154694;chr8:9640787-10463197;chr8:10463197-11278998;chr8:11278998-13491775
191	8p23.1	8	FAM86B3P		pseudogene	closest	ENSG00000173295	1545;1547;1548;1549	chr8:7153079-9154694;chr8:9640787-10463197;chr8:10463197-11278998;chr8:11278998-13491775
191	8p23.1	8	FDFT1		protein_coding	candidate	ENSG00000079459	1545;1547;1548;1549	chr8:7153079-9154694;chr8:9640787-10463197;chr8:10463197-11278998;chr8:11278998-13491775
191	8p23.1	8	LINC00208		lncRNA	closest	ENSG00000170983	1545;1547;1548;1549	chr8:7153079-9154694;chr8:9640787-10463197;chr8:10463197-11278998;chr8:11278998-13491775
191	8p23.1	8	MFHAS1		protein_coding	candidate;closest	ENSG00000147324	1545;1547;1548;1549	chr8:7153079-9154694;chr8:9640787-10463197;chr8:10463197-11278998;chr8:11278998-13491775
191	8p23.1	8	MSRA		protein_coding	closest	ENSG00000175806	1545;1547;1548;1549	chr8:7153079-9154694;chr8:9640787-10463197;chr8:10463197-11278998;chr8:11278998-13491775
191	8p23.1	8	PRAG1	SGK223	protein_coding	candidate;closest	ENSG00000275342	1545;1547;1548;1549	chr8:7153079-9154694;chr8:9640787-10463197;chr8:10463197-11278998;chr8:11278998-13491775
191	8p23.1	8	XKR6		protein_coding	closest	ENSG00000171044	1545;1547;1548;1549	chr8:7153079-9154694;chr8:9640787-10463197;chr8:10463197-11278998;chr8:11278998-13491775
192	8p23.1	8	BLK		protein_coding	candidate;closest	ENSG00000136573	1549	chr8:11278998-13491775
192	8p23.1	8	CLDN23		protein_coding	candidate	ENSG00000253958	1549	chr8:11278998-13491775
192	8p23.1	8	ENSG00000284957		lncRNA	closest	ENSG00000284957	1549	chr8:11278998-13491775
192	8p23.1	8	FAM167A	C8orf13	protein_coding	candidate;closest	ENSG00000154319	1549	chr8:11278998-13491775
192	8p23.1	8	FAM167A-AS1	C8orf12	lncRNA	candidate	ENSG00000184608	1549	chr8:11278998-13491775
192	8p23.1	8	FDFT1		protein_coding	candidate	ENSG00000079459	1549	chr8:11278998-13491775
192	8p23.1	8	LINC00208		lncRNA	candidate	ENSG00000170983	1549	chr8:11278998-13491775
194	8p23.1	8	CLDN23		protein_coding	candidate	ENSG00000253958	1549	chr8:11278998-13491775
194	8p23.1	8	CTSB		protein_coding	candidate;closest	ENSG00000164733	1549	chr8:11278998-13491775
194	8p23.1	8	FAM167A	C8orf13	protein_coding	candidate	ENSG00000154319	1549	chr8:11278998-13491775
194	8p23.1	8	FDFT1		protein_coding	candidate	ENSG00000079459	1549	chr8:11278998-13491775
197	8q12.1	8	LYN		protein_coding	closest	ENSG00000254087	1577	chr8:55945581-56956383
213	10q11.23	10	ENSG00000241577		lncRNA	closest	ENSG00000241577	164	chr10:48760450-50840915
213	10q11.23	10	WDFY4		protein_coding	candidate;closest	ENSG00000128815	164	chr10:48760450-50840915
214	10q21.2	10	ARID5B		protein_coding	candidate;closest	ENSG00000150347	174	chr10:63341695-65794114
221	11p15.5	11	CDHR5		protein_coding	closest	ENSG00000099834	218	chr11:70855-1213590
221	11p15.5	11	DRD4		protein_coding	closest	ENSG00000069696	218	chr11:70855-1213590
221	11p15.5	11	IRF7		protein_coding	candidate;closest	ENSG00000185507	218	chr11:70855-1213590
221	11p15.5	11	MIR210HG		lncRNA	closest	ENSG00000247095	218	chr11:70855-1213590
221	11p15.5	11	PHRF1		protein_coding	closest	ENSG00000070047	218	chr11:70855-1213590
222	11p15.5	11	PHRF1		protein_coding	closest	ENSG00000070047	218	chr11:70855-1213590
225	11p13	11	CD44		protein_coding	candidate	ENSG00000026508	240	chr11:33958739-35502605
225	11p13	11	CD44-DT		lncRNA	closest	ENSG00000255521	240	chr11:33958739-35502605
225	11p13	11	ENSG00000289526		lncRNA	closest	ENSG00000289526	240	chr11:33958739-35502605
225	11p13	11	PDHX		protein_coding	candidate	ENSG00000110435	240	chr11:33958739-35502605
227	11q13.1	11	AP5B1		protein_coding	closest	ENSG00000254470	253	chr11:63804569-65898631
227	11q13.1	11	MAP3K11		protein_coding	candidate	ENSG00000173327	253	chr11:63804569-65898631
227	11q13.1	11	PCNX3	PCNXL3	protein_coding	candidate	ENSG00000197136	253	chr11:63804569-65898631
227	11q13.1	11	RELA		protein_coding	candidate	ENSG00000173039	253	chr11:63804569-65898631
227	11q13.1	11	RNASEH2C		protein_coding	candidate	ENSG00000172922	253	chr11:63804569-65898631
227	11q13.1	11	SIPA1		protein_coding	candidate	ENSG00000213445	253	chr11:63804569-65898631
230	11q13.4	11	DHCR7		protein_coding	candidate	ENSG00000172893	257	chr11:70926292-72286017
230	11q13.4	11	NADSYN1		protein_coding	candidate;closest	ENSG00000172890	257	chr11:70926292-72286017
235	11q24.3	11	ETS1		protein_coding	candidate;closest	ENSG00000134954	297	chr11:128188537-130342575
235	11q24.3	11	FLI1		protein_coding	candidate	ENSG00000151702	297	chr11:128188537-130342575
236	11q24.3	11	ENSG00000288975		lncRNA	closest	ENSG00000288975	297	chr11:128188537-130342575
236	11q24.3	11	ETS1		protein_coding	candidate	ENSG00000134954	297	chr11:128188537-130342575
236	11q24.3	11	LOC101929538		lncRNA	closest		297	chr11:128188537-130342575
242	12q12	12	IRAK4		protein_coding	candidate	ENSG00000198001	328	chr12:41658586-43984474
242	12q12	12	LINC02450		lncRNA	closest	ENSG00000257114	328	chr12:41658586-43984474
242	12q12	12	PPHLN1		protein_coding	candidate	ENSG00000134283	328	chr12:41658586-43984474
242	12q12	12	PRICKLE1		protein_coding	candidate	ENSG00000139174	328	chr12:41658586-43984474
245	12q24.12	12	ATXN2		protein_coding	closest	ENSG00000204842	368	chr12:110336719-113263518
245	12q24.12	12	PTPN11		protein_coding	candidate	ENSG00000179295	368	chr12:110336719-113263518
245	12q24.12	12	SH2B3		protein_coding	candidate	ENSG00000111252	368	chr12:110336719-113263518
245	12q24.12	12	TRAFD1		protein_coding	candidate	ENSG00000135148	368	chr12:110336719-113263518
250	12q24.32-12q24.33	12	SLC15A4		protein_coding	candidate;closest	ENSG00000139370	380	chr12:129237297-130377921
251	12q24.33	12	SLC15A4		protein_coding	candidate;closest	ENSG00000139370	380	chr12:129237297-130377921
258	14q24.1	14	RAD51B		protein_coding	candidate;closest	ENSG00000182185	477	chr14:67992317-71131957
262	15q14	15	FAM98B		protein_coding	closest	ENSG00000171262	514	chr15:38530777-40384132
266	15q24.1-15q24.2	15	CSK		protein_coding	candidate;closest	ENSG00000103653	536	chr15:73628714-76398624
266	15q24.1-15q24.2	15	PPCDC		protein_coding	candidate	ENSG00000138621	536	chr15:73628714-76398624
266	15q24.1-15q24.2	15	SCAMP2		protein_coding	candidate	ENSG00000140497	536	chr15:73628714-76398624
266	15q24.1-15q24.2	15	SCAMP5		protein_coding	closest	ENSG00000198794	536	chr15:73628714-76398624
266	15q24.1-15q24.2	15	ULK3		protein_coding	candidate	ENSG00000140474	536	chr15:73628714-76398624
269	15q26.2	15	LINC02253		lncRNA	closest	ENSG00000259485	547	chr15:96141596-98030910
272	16p13.13	16	CIITA		protein_coding	candidate	ENSG00000179583	562	chr16:10426032-11520161
272	16p13.13	16	CLEC16A		protein_coding	candidate;closest	ENSG00000038532	562	chr16:10426032-11520161
272	16p13.13	16	SOCS1		protein_coding	candidate	ENSG00000185338	562	chr16:10426032-11520161
276	16p11.2	16	ENSG00000289930		lncRNA	closest	ENSG00000289930	575	chr16:29036613-31382943
276	16p11.2	16	ITGAM	CD11b	protein_coding	candidate;closest	ENSG00000169896	575	chr16:29036613-31382943
276	16p11.2	16	ITGAX		protein_coding	candidate;closest	ENSG00000140678	575	chr16:29036613-31382943
277	16p11.2	16	ITGAM		protein_coding	closest	ENSG00000169896	575	chr16:29036613-31382943
284	16q24.1	16	ENSG00000285163		lncRNA	closest	ENSG00000285163	601	chr16:85148685-86156599
284	16q24.1	16	IRF8		protein_coding	candidate	ENSG00000140968	601	chr16:85148685-86156599
286	16q24.1	16	ENSG00000285040		lncRNA	closest	ENSG00000285040	601	chr16:85148685-86156599
286	16q24.1	16	IRF8		protein_coding	candidate	ENSG00000140968	601	chr16:85148685-86156599
288	17p13.2	17	PLD2		protein_coding	candidate;closest	ENSG00000129219	610	chr17:4696261-5741334
289	17p13.1	17	ACAP1		protein_coding	candidate	ENSG00000072818	611	chr17:5741334-7317398
289	17p13.1	17	ENSG00000224647		pseudogene	closest	ENSG00000224647	611	chr17:5741334-7317398
291	17q12	17	ERBB2		protein_coding	closest	ENSG00000141736	628	chr17:36809344-38877404
291	17q12	17	GSDMB		protein_coding	candidate	ENSG00000073605	628	chr17:36809344-38877404
291	17q12	17	IKZF3		protein_coding	candidate;closest	ENSG00000161405	628	chr17:36809344-38877404
291	17q12	17	ORMDL3		protein_coding	candidate	ENSG00000172057	628	chr17:36809344-38877404
291	17q12	17	ZPBP2		protein_coding	closest	ENSG00000186075	628	chr17:36809344-38877404
292	17q21.31	17	ARHGAP27		protein_coding	candidate	ENSG00000159314	632	chr17:43056905-45876022
292	17q21.31	17	ENSG00000267446		lncRNA	closest	ENSG00000267446	632	chr17:43056905-45876022
294	17q25.1	17	ENSG00000265987		lncRNA	closest	ENSG00000265987	647	chr17:72672203-74375560
294	17q25.1	17	GRB2		protein_coding	candidate;closest	ENSG00000177885	647	chr17:72672203-74375560
302	19p13.2	19	ENSG00000167807		protein_coding	closest	ENSG00000167807	709	chr19:9238393-11284028
302	19p13.2	19	FDX2		protein_coding	closest	ENSG00000267673	709	chr19:9238393-11284028
303	19p13.2	19	TYK2		protein_coding	candidate;closest	ENSG00000105397	709	chr19:9238393-11284028
304	19p13.2	19	TYK2		protein_coding	closest	ENSG00000105397	709	chr19:9238393-11284028
316	20q13.12	20	CD40		protein_coding	candidate;closest	ENSG00000101017	911	chr20:42680176-44839056
316	20q13.12	20	NCOA5		protein_coding	candidate	ENSG00000124160	911	chr20:42680176-44839056
317	20q13.13	20	RNF114		protein_coding	closest	ENSG00000124226	913	chr20:47199980-49239658
319	22q11.21	22	UBE2L3		protein_coding	candidate;closest	ENSG00000185651	949	chr22:19912358-22357325
319	22q11.21	22	YDJC		protein_coding	closest	ENSG00000161179	949	chr22:19912358-22357325
